arcmed,l_002.txt
arcmed,g_009.txt
arcmed,p_002.txt
arcmed,b_002.txt
arcmed,m_007.txt
arcmed,v_005.txt
arcmed,c_007.txt
arcmed,c_010.txt
arcmed,d_001.txt
arcmed,f_002.txt
arcmed,g_008.txt
arcmed,h_001.txt
arcmed,p_001.txt
mod,a_002.txt
mod,b_006.txt
mod,b_007.txt
mod,f_001.txt
mod,g_001.txt
mod,l_001.txt
mod,s_001.txt
mod,a_007.txt
mod,b_003.txt
mod,c_003.txt
mod,c_006.txt
mod,m_003.txt
mod,m_004.txt
mod,m_006.txt
mod,m_010.txt
mod,r_001.txt
mod,v_002.txt
mod,v_003.txt
mod,v_004.txt
mod,va_001.txt
mod,a_005.txt
mod,b_001.txt
mod,b_008.txt
mod,c_002.txt
mod,g_006.txt
mod,m_008.txt
mod,s_002.txt
mod,s_005.txt
cont1,va_009.txt
cont1,a_001.txt
cont1,c_001.txt
cont1,c_004.txt
cont1,g_002.txt
cont1,m_001.txt
cont1,m_009.txt
cont1,o_002.txt
cont1,s_004.txt
cont1,v_001.txt
cont1,a_004.txt
cont1,c_005.txt
cont1,g_003.txt
cont1,g_004.txt
cont1,g_005.txt
cont2,va_004.txt
cont2,va_007.txt
cont2,va_008.txt
cont2,a_003.txt
cont2,a_006.txt
cont2,b_005.txt
cont2,b_010.txt
cont2,c_008.txt
cont2,c_009.txt
cont2,e_001.txt
cont2,g_010.txt
cont2,o_001.txt
cont2,s_003.txt
cont2,va_002.txt
cont2,va_003.txt
cont2,va_010.txt
cont2,va_012.txt
cont2,b_009.txt
cont2,m_005.txt
cont2,va_011.txt
